metric,pre_mean,post_mean,mean_change,p_value
engagement_rate,0.3314249689580159,0.40881056743251326,0.07738559847449739,2.967560445129092e-25
conversion_rate,0.13619207862692725,0.16809969051292337,0.03190761188599611,6.494140626600175e-12
